Date,Open,High,Low,Close
11/15/2024,3118.76,3130.25,3016.33,3091.19
11/14/2024,3154.99,3240.45,3061.36,3118.18
11/13/2024,3281.67,3338.61,3122.24,3154.99
11/12/2024,3326.22,3441.16,3211.88,3281.67
11/11/2024,3171.19,3371.62,3109.67,3328.34
11/10/2024,3078.85,3249.64,3073.8,3176.03
11/09/2024,2942.31,3094.76,2942.31,3078.85
11/08/2024,2894.22,2983.83,2865.67,2941.11
11/07/2024,2689.97,2919.01,2687.16,2894.17
11/06/2024,2413.97,2704.88,2410,2689.97
11/05/2024,2365.58,2478.28,2365.58,2413.99
11/04/2024,2469.08,2487.23,2359,2371.61
11/03/2024,2493.98,2495.53,2411.97,2467
11/02/2024,2518.73,2520.07,2471.04,2493
11/01/2024,2518.33,2582.38,2467.81,2518.73
10/31/2024,2676.98,2682.22,2500.97,2518.23
10/30/2024,2619.42,2718.81,2596.31,2676.99
10/29/2024,2513.99,2680,2513.99,2619.78
10/28/2024,2488.62,2522.92,2488.62,2513.99
10/27/2024,2486.94,2505.36,2462.49,2489.15
10/26/2024,2475.39,2502.28,2382.77,2486.94
10/25/2024,2534.99,2561.74,2453.07,2471.94
10/24/2024,2511.79,2558,2500.66,2534.99
10/23/2024,2633.18,2640.46,2456.21,2513.33
10/22/2024,2674.55,2681.69,2605.74,2633.18
10/21/2024,2710.52,2765.97,2656.62,2674.56
10/20/2024,2646.73,2718,2635.22,2710.45
10/19/2024,2642.56,2660.99,2630.99,2646.74
10/18/2024,2597.26,2673.4,2595.53,2642.55
10/17/2024,2618.57,2646.75,2576.01,2597.25
10/16/2024,2572.2,2644.3,2568.54,2618.57
10/15/2024,2619.73,2684.17,2538,2572.21
10/14/2024,2457.46,2638.3,2442.47,2621.33
10/13/2024,2470,2488.34,2436.06,2457.43
10/12/2024,2456.89,2483.99,2433.63,2470
10/11/2024,2365,2469.98,2360,2456.9
10/10/2024,2352.92,2415.15,2330.85,2365
10/09/2024,2439.76,2471.11,2353.5,2358.83
10/08/2024,2440.51,2455.69,2401.2,2439.76
10/07/2024,2438.66,2518.07,2417.73,2440.59
10/06/2024,2391.87,2455.05,2391.87,2438.23
10/05/2024,2429.19,2430.58,2391,2392.28
10/04/2024,2341.71,2439,2333.51,2430.53
10/03/2024,2384.16,2402.24,2311.08,2341.2
10/02/2024,2450.05,2498.02,2360.82,2386.44
10/01/2024,2613.14,2656.03,2419.08,2451.29
09/30/2024,2661.46,2670.67,2575.68,2613.14
09/29/2024,2675.88,2683.28,2635.5,2661.35
09/28/2024,2695.28,2707.33,2651.44,2676.34
09/27/2024,2630.89,2727.22,2617.2,2695.28
09/26/2024,2579.16,2663.55,2554.51,2632.77
09/25/2024,2650.82,2672.53,2569.13,2579.12
09/24/2024,2662.7,2665.28,2592.47,2650.82
09/23/2024,2573.01,2701.15,2529.16,2662.04
09/22/2024,2566.66,2632.11,2554.45,2573.01
09/21/2024,2540.68,2587.1,2530.01,2566.32
09/20/2024,2466.69,2570.29,2439.07,2540.73
09/19/2024,2326.23,2491.23,2326.05,2467.37
09/18/2024,2344.93,2363.96,2277.47,2326.23
09/17/2024,2273.4,2390.2,2263,2344.93
09/16/2024,2364.31,2364.31,2253.85,2273.06
09/15/2024,2416.05,2429.52,2356.84,2364.35
09/14/2024,2423.96,2465,2391.88,2416.04
09/13/2024,2350.82,2429.49,2338.18,2424.41
09/12/2024,2348.45,2389.98,2315.99,2350.88
09/11/2024,2378.32,2397.99,2278.81,2348.45
09/10/2024,2340.7,2393,2321.78,2378.65
09/09/2024,2275.12,2351.77,2274.58,2340.54
09/08/2024,2270,2307.47,2244.07,2275.13
09/07/2024,2167.31,2309.56,2151.52,2272.65
09/06/2024,2368.05,2406.02,2168.03,2169.66
09/05/2024,2456.47,2467.97,2349.41,2368.05
09/04/2024,2461.73,2487.72,2311.54,2455.69
09/03/2024,2555.52,2558.88,2436,2461.27
09/02/2024,2502.01,2560.1,2403.43,2553.79
09/01/2024,2506.64,2525.91,2439.02,2502.89
08/31/2024,2518.81,2533.09,2493.37,2506.64
08/30/2024,2539.94,2539.94,2436.21,2517.73
08/29/2024,2538.45,2596.82,2512.74,2540.09
08/28/2024,2580.28,2584.84,2407.71,2540.23
08/27/2024,2688.56,2699.18,2565.49,2583
08/26/2024,2772.21,2792.86,2673.82,2690.01
08/25/2024,2792.72,2793.35,2736.23,2772.22
08/24/2024,2755.43,2820.53,2742.86,2794.7
08/23/2024,2624.38,2762.89,2616.35,2754.15
08/22/2024,2631.2,2645.27,2587.74,2622.48
08/21/2024,2589.29,2662.43,2541.07,2631.9
08/20/2024,2617.47,2695.07,2557.06,2589.33
08/19/2024,2666.85,2666.85,2568.01,2615.95
08/18/2024,2615,2682.36,2596.75,2666.85
08/17/2024,2610.67,2626.09,2588.26,2615
08/16/2024,2546.56,2628.07,2535.4,2612.28
08/15/2024,2676.64,2678.89,2519.2,2530.33
08/14/2024,2699.95,2776.58,2638.24,2676.68
08/13/2024,2681.5,2746.62,2613.58,2699.95
08/12/2024,2555.12,2721.58,2515.09,2681.04
08/11/2024,2605.98,2715.01,2544.36,2556.24
08/10/2024,2594.86,2642.64,2566.95,2605.65
08/09/2024,2570.67,2720.98,2556.97,2595.22
08/08/2024,2349.15,2604.99,2317.07,2571.27
08/07/2024,2488.72,2550.16,2311.07,2347.89
08/06/2024,2434.46,2550.33,2413.28,2488.72
08/05/2024,2751.52,2751.53,2133.03,2435.96
08/04/2024,2891.08,2929.67,2648.49,2751.44
08/03/2024,3014.8,3015.61,2881.53,2890.86
08/02/2024,3167.62,3214.79,2988.21,3015.95
08/01/2024,3220.19,3243.89,3079.55,3165.51
07/31/2024,3278.41,3347.76,3216.62,3220.64
07/30/2024,3321.2,3362.85,3235.67,3280.67
07/29/2024,3262.05,3395,3252.5,3326.51
07/28/2024,3241.36,3293.23,3201.86,3262.05
07/27/2024,3254.36,3327.56,3196.42,3242.85
07/26/2024,3153.74,3285,3150.53,3254.15
07/25/2024,3374.43,3374.44,3089.67,3153.75
07/24/2024,3483.89,3499.28,3361,3374.44
07/23/2024,3487.99,3540.34,3396,3484.9
07/22/2024,3499.01,3562.89,3439.58,3487.98
07/21/2024,3526.01,3528.82,3412.19,3499.01
07/20/2024,3506.97,3538.65,3482.33,3526.01
07/19/2024,3414.02,3540.64,3382.83,3506.81
07/18/2024,3409.46,3487.04,3373.67,3414.02
07/17/2024,3440.95,3515.44,3378.09,3415.23
07/16/2024,3435.95,3497.5,3350.01,3443.31
07/15/2024,3200.77,3444.61,3198.63,3434.57
07/14/2024,3163.01,3224.45,3146.5,3201.07
07/13/2024,3110.69,3169.38,3109.45,3163.74
07/12/2024,3114.26,3155.33,3048.46,3110.69
07/11/2024,3095.21,3210.51,3058.4,3114.12
07/10/2024,3071.04,3148.46,3024.37,3095.22
07/09/2024,2997.89,3110.84,2985.81,3071
07/08/2024,2998.32,3085.69,2826.31,2997.9
07/07/2024,3063.97,3080.02,2957.08,2998.32
07/06/2024,2974.73,3073.29,2956.05,3063.8
07/05/2024,3140.72,3168.34,2828.61,2973.72
07/04/2024,3256.94,3307.59,3090.01,3140.7
07/03/2024,3414.2,3426.49,3255.47,3255.57
07/02/2024,3461.87,3464.93,3398.39,3414.19
07/01/2024,3417.38,3516.14,3405,3462.83
06/30/2024,3377.02,3427.91,3351.45,3418.73
06/29/2024,3383.85,3400,3362.96,3377.02
06/28/2024,3439.17,3482,3364.05,3382.98
06/27/2024,3388,3470.72,3362,3440.97
06/26/2024,3409.93,3424.18,3328.14,3388
06/25/2024,3308.68,3426.88,3306.42,3410.28
06/24/2024,3433.5,3437.2,3244.35,3308.81
06/23/2024,3493.48,3519.43,3413.57,3433.51
06/22/2024,3519.74,3525.35,3476.22,3493.48
06/21/2024,3524.13,3542.85,3445.8,3518.95
06/20/2024,3550.23,3620,3482.61,3524.13
06/19/2024,3461.13,3586.45,3452.89,3550.31
06/18/2024,3513.07,3528.4,3372.68,3458.98
06/17/2024,3595.78,3649.6,3466.22,3513.59
06/16/2024,3550.59,3605.46,3542.03,3595.78
06/15/2024,3412.03,3589.99,3411.32,3550.59
06/14/2024,3475.44,3529.49,3364.09,3410.65
06/13/2024,3554.99,3571.96,3429.35,3475.44
06/12/2024,3486.56,3654.56,3464.12,3554.41
06/11/2024,3670.51,3675.39,3430.48,3486.55
06/10/2024,3698.34,3719.73,3644.21,3670.69
06/09/2024,3672.91,3709.98,3665.69,3698.33
06/08/2024,3690.96,3705.02,3667.86,3671.54
06/07/2024,3798.28,3837.87,3617.4,3690.96
06/06/2024,3864.97,3875.99,3762.06,3798.28
06/05/2024,3807.1,3884.41,3778.75,3864.98
06/04/2024,3770.04,3831.45,3743.57,3807.1
06/03/2024,3784,3847.67,3758.64,3771.1
06/02/2024,3803.4,3834.36,3753.32,3784
06/01/2024,3789.4,3808,3740.07,3803.4
05/31/2024,3735.91,3842,3723.7,3788.95
05/30/2024,3749.68,3821.56,3702.01,3736.14
05/29/2024,3826.19,3879.26,3742.21,3751.59
05/28/2024,3889.16,3924.15,3771.37,3828.31
05/27/2024,3858.86,3973.67,3817.86,3887.45
05/26/2024,3743.41,3879.17,3732.5,3858.58
05/25/2024,3731.03,3774.38,3708.33,3744.79
05/24/2024,3760.39,3898.12,3630.88,3732.4
05/23/2024,3747.59,3939.52,3585.57,3752.49
05/22/2024,3746.21,3818.81,3655,3746.48
05/21/2024,3500.69,3836.84,3491.2,3746.19
05/20/2024,3074.05,3563.99,3050,3500
05/19/2024,3120.6,3134,3059.34,3074.05
05/18/2024,3090.36,3144.66,3087.13,3120.71
05/17/2024,2936.18,3120,2925.63,3090.36
05/16/2024,3022.35,3040.93,2927.13,2936.18
05/15/2024,2890.57,3028.77,2864.75,3021.43
05/14/2024,2952.39,2957.51,2864.75,2890.88
05/13/2024,2921.61,2991.99,2864.94,2952.39
05/12/2024,2921.06,2951.99,2901.78,2921.62
05/11/2024,2889.49,2941.91,2887.25,2922.11
05/10/2024,3019.99,3056.24,2883.93,2889.2
05/09/2024,2950.34,3025.94,2941.92,3019.98
05/08/2024,3047.02,3058.4,2938,2950.29
05/07/2024,3077.53,3127.99,3028.19,3047.02
05/06/2024,3138.14,3217.66,3047.1,3077.53
05/05/2024,3128.52,3168.39,3077,3138.14
05/04/2024,3113.24,3165,3096.41,3129.12
05/03/2024,2987.18,3126.36,2959.17,3113
05/02/2024,2937.89,3012.67,2892.78,2987.18
05/01/2024,2962.5,3024.46,2816.91,2937.9
04/30/2024,3176.76,3247.51,2919.26,2961.18
04/29/2024,3309.63,3309.77,3118.05,3176.76
04/28/2024,3233.61,3346.19,3233.61,3309.5
04/27/2024,3141.91,3279.31,3071.54,3233.61
04/26/2024,3174.34,3190.86,3103.63,3141
04/25/2024,3130.41,3175.6,3075.02,3174.57
04/24/2024,3207.39,3291.64,3107.56,3129.3
04/23/2024,3189.78,3263.54,3155,3206.64
04/22/2024,3149.06,3234.55,3130.05,3191.23
04/21/2024,3156.23,3197.14,3120.01,3149.06
04/20/2024,3084.04,3169.99,3022.49,3156.17
04/19/2024,3067.94,3125.46,2873.38,3076.79
04/18/2024,2973.68,3094,2955.2,3067.94
04/17/2024,3068.55,3121.2,2921.92,2973
04/16/2024,3083.6,3127.43,2999.23,3068.54
04/15/2024,3066.03,3277.62,3026,3082.75
04/14/2024,2919.42,3098.55,2864.54,3067.61
04/13/2024,3224,3299.65,2874.6,2912.53
04/12/2024,3523.82,3551.15,3113.68,3224.47
04/11/2024,3514.01,3614.88,3477.31,3523.81
04/10/2024,3512.18,3553.01,3411.3,3514.01
04/09/2024,3688.5,3726.84,3458.46,3512.18
04/08/2024,3401.95,3710.06,3397.3,3689.13
04/07/2024,3364.6,3418.7,3348.7,3400.71
04/06/2024,3336.12,3363.1,3310.2,3363.1
04/05/2024,3327.07,3344.97,3213.73,3337.54
04/04/2024,3307.51,3443.14,3255.1,3329.71
04/03/2024,3273.37,3366.96,3206.11,3308.89
04/02/2024,3496.87,3515,3215.88,3274.01
04/01/2024,3632.7,3649,3420.01,3496.45
03/31/2024,3509.01,3652.92,3498.47,3633.19
03/30/2024,3496.86,3565.62,3480.01,3510.56
03/29/2024,3562.17,3582.44,3477.03,3496.86
03/28/2024,3510.46,3610,3464.43,3561.98
03/27/2024,3576.38,3661.93,3456.9,3510.58
03/26/2024,3628.49,3680.32,3544.75,3576.7
03/25/2024,3415.01,3657.79,3408.34,3628.49
03/24/2024,3388.84,3422,3301.76,3413.16
03/23/2024,3317.07,3433.22,3253.36,3388.85
03/22/2024,3484.73,3541.03,3283.51,3314.77
03/21/2024,3462.01,3585,3412.04,3485.5
03/20/2024,3282.54,3492.92,3060.83,3462.19
03/19/2024,3506.74,3545.17,3202.11,3281.17
03/18/2024,3631.69,3675,3456,3506.74
03/17/2024,3617.56,3655.46,3415.07,3631.69
03/16/2024,3631.76,3778.49,3569.57,3617.11
03/15/2024,3841.95,3929.02,3571.38,3627.06
03/14/2024,3991.02,4012.69,3725,3841.75
03/13/2024,3951.95,4083.12,3935.21,3992.16
03/12/2024,4031.5,4090,3841.99,3952.98
03/11/2024,3906.69,4084.74,3758.47,4031.5
03/10/2024,3911.59,3967.72,3876.29,3907.12
03/09/2024,3917.35,3950,3880.66,3911.58
03/08/2024,3875.51,3998,3829.79,3917.45
03/07/2024,3846.5,3938.27,3740.43,3875.72
03/06/2024,3522,3898.7,3451.46,3851.85
03/05/2024,3584.34,3827.69,3235,3522.67
03/04/2024,3478.15,3607.98,3440.62,3580.82
03/03/2024,3409.29,3484.01,3370.06,3478.15
03/02/2024,3429.9,3459.74,3399.01,3409.28
03/01/2024,3349.24,3452.69,3305.01,3430.03
02/29/2024,3324.13,3519.37,3319,3352.01
02/28/2024,3249.76,3487.03,3195.82,3322.57
02/27/2024,3186.67,3287.64,3163.26,3249.11
02/26/2024,3109.75,3196.99,3039.54,3186.08
02/25/2024,2985.22,3116.61,2984.54,3109.45
02/24/2024,2942.65,3003.36,2907.7,2985.87
02/23/2024,2984.73,2991.97,2908.01,2942.65
02/22/2024,2926.96,3033.31,2907.01,2985.23
02/21/2024,2990.4,3028.77,2871.36,2924.98
02/20/2024,2968,3000.82,2880,2990.41
02/19/2024,2845,2967.62,2845,2966.56
02/18/2024,2785.81,2845,2768.06,2845
02/17/2024,2790.99,2809.25,2724.38,2786.64
02/16/2024,2795.12,2858.4,2754.43,2790.99
02/15/2024,2780.61,2867.08,2765.57,2795.11
02/14/2024,2632.45,2787.24,2620.23,2781.24
02/13/2024,2633.77,2685.11,2595.53,2632.45
02/12/2024,2504.34,2650.99,2473.24,2630.51
02/11/2024,2511.16,2538.09,2494.02,2504.44
02/10/2024,2503.2,2515.84,2475,2511.15
02/09/2024,2425.3,2522.65,2419.04,2503.19
02/08/2024,2429.82,2460,2414,2425.29
02/07/2024,2381.77,2442.99,2353.52,2429.6
02/06/2024,2286.64,2389.78,2284.02,2382.01
02/05/2024,2299.53,2334.62,2268.42,2286.7
02/04/2024,2299.8,2309.24,2268.73,2299.53
02/03/2024,2296.74,2327.43,2293.51,2299.76
02/02/2024,2304.01,2322.56,2280.14,2296.74
02/01/2024,2276.83,2309.65,2243,2304.29
01/31/2024,2380.12,2381.99,2265.28,2276.69
01/30/2024,2306.62,2389.99,2298.4,2380.36
01/29/2024,2263.14,2312.27,2235.46,2307.18
01/28/2024,2271.23,2306.78,2249.13,2263.23
01/27/2024,2259.02,2282,2252.06,2271.23
01/26/2024,2217.74,2280,2195.9,2259.02
01/25/2024,2215.26,2239.75,2171.63,2217.73
01/24/2024,2202.41,2260.45,2196.94,2214.26
01/23/2024,2325.61,2348.05,2166.02,2202.41
01/22/2024,2472.27,2472.27,2309.26,2325.47
01/21/2024,2465.55,2480.28,2463.26,2472.16
01/20/2024,2486.62,2494.76,2458.71,2465.55
01/19/2024,2452.61,2502,2415,2487.71
01/18/2024,2524.4,2545.46,2425.01,2453.76
01/17/2024,2606.14,2610.49,2517.21,2523.95
01/16/2024,2520.59,2613.78,2499.79,2605.98
01/15/2024,2525.92,2550.32,2469.23,2521.18
01/14/2024,2573,2588.58,2483.32,2524.97
01/13/2024,2522.56,2578.55,2455.52,2573.01
01/12/2024,2604.16,2715,2503.68,2522.52
01/11/2024,2529.03,2689.25,2511.87,2604.16
01/10/2024,2319.6,2531.97,2319.06,2527.97
01/09/2024,2339.83,2364.35,2243.74,2319.94
01/08/2024,2240.53,2358.98,2170.02,2339.12
01/07/2024,2241.5,2256,2224,2240.68
01/06/2024,2247.01,2277.86,2218.63,2240.9
01/05/2024,2274.61,2288.87,2209.33,2246.71
01/04/2024,2226.34,2295.57,2199,2274.61
01/03/2024,2365.31,2384.01,2106.8,2227.15
01/02/2024,2339.05,2430.92,2324.13,2364.12
01/01/2024,2282.63,2348,2261.42,2337
12/31/2023,2300,2318.29,2277.82,2282.96
12/30/2023,2286.18,2322.19,2265.5,2300
12/29/2023,2345.99,2385,2282.74,2287.03
12/28/2023,2360.27,2445,2340.44,2344.39
12/27/2023,2223.94,2375,2212.55,2360.29
12/26/2023,2271.72,2284.61,2180.66,2223.97
12/25/2023,2278.96,2303.2,2249.48,2271.43
12/24/2023,2291.05,2325.7,2274.06,2278.96
12/23/2023,2317.22,2330.73,2269.13,2291.04
12/22/2023,2249.15,2342.18,2232.81,2315.49
12/21/2023,2178.12,2280.45,2177.65,2248.9
12/20/2023,2184.89,2263.7,2158.85,2177.02
12/19/2023,2217.21,2253.4,2136,2184.89
12/18/2023,2236.51,2237.26,2118.09,2215.79
12/17/2023,2229.15,2244.13,2199.68,2236.18
12/16/2023,2245.4,2259.61,2213,2230.24
12/15/2023,2298.25,2332.43,2225.26,2244.13
12/14/2023,2264.23,2313.89,2230,2298.09
12/13/2023,2170.54,2265,2147.03,2260.65
12/12/2023,2216.91,2241.48,2166.44,2170.44
12/11/2023,2361.34,2366.17,2157.84,2212.6
12/10/2023,2354.27,2376.93,2323.22,2360.33
12/09/2023,2367.37,2401.7,2341.13,2354.44
12/08/2023,2372.7,2388.27,2340.52,2367.1
12/07/2023,2247,2382,2221.57,2370.3
12/06/2023,2273.53,2311.55,2236.86,2247
12/05/2023,2233.12,2307.46,2190.72,2274.89
12/04/2023,2183.85,2273.55,2183.85,2234.71
12/03/2023,2170,2184.15,2151.24,2183.85
12/02/2023,2091.25,2180.68,2083.7,2169.38
12/01/2023,2046.2,2109.79,2041.36,2091.25
11/30/2023,2028.52,2052.12,2022.81,2046.19
11/29/2023,2054.47,2071.97,2020.04,2027.57
11/28/2023,2014.78,2076.08,1996.16,2054.47
11/27/2023,2074.18,2080.54,1987.31,2014.87
11/26/2023,2084.78,2094.64,2037.84,2074.18
11/25/2023,2086.12,2091.48,2067.27,2084.78
11/24/2023,2068.61,2130.8,2060.41,2087.92
11/23/2023,2082.8,2088.51,2041.52,2068.61
11/22/2023,1985.54,2091.38,1932.5,2082.04
11/21/2023,2025.41,2035,1952.58,1986.24
11/20/2023,1984.58,2068.1,1977.42,2024.9
11/19/2023,1961.53,1987.89,1945,1983.67
11/18/2023,1945.66,1972.14,1918.63,1961.52
11/17/2023,1956.32,1991,1908.39,1946.6
11/16/2023,2048.57,2090.66,1939.37,1956.32
11/15/2023,1981.95,2062.72,1968.02,2048.93
11/14/2023,2059.6,2071.17,1938.7,1981.95
11/13/2023,2060.08,2116.6,2031.3,2061
11/12/2023,2045.51,2066.43,2018,2060.08
11/11/2023,2092.88,2094.52,2035.19,2044.75
11/10/2023,2057.5,2135.7,2057.5,2094.24
11/09/2023,1888.15,2086.12,1883.94,2060.14
11/08/2023,1893.36,1904.98,1873.98,1888.25
11/07/2023,1892.75,1907.49,1851.63,1893.34
11/06/2023,1869.11,1914.73,1869.11,1891.66
11/05/2023,1839.54,1912.5,1839.54,1869.71
11/04/2023,1829.09,1848,1825.48,1839.54
11/03/2023,1805.01,1833.61,1779.62,1829.48
11/02/2023,1857.41,1874.79,1788.22,1805.63
11/01/2023,1814.6,1853.58,1785.63,1853.58
10/31/2023,1801.58,1819.97,1784.61,1814.72
10/30/2023,1797.52,1830,1779.22,1802.05
10/29/2023,1779.42,1807.14,1764.64,1797.52
10/28/2023,1781.36,1801.2,1775.76,1779.42
10/27/2023,1798.87,1810.94,1750.38,1781.31
10/26/2023,1788.08,1865.21,1763.31,1798.87
10/25/2023,1771.6,1816.51,1761.12,1788.04
10/24/2023,1708.46,1853.67,1705.26,1771.85
10/23/2023,1640.72,1722.74,1635.07,1708.78
10/22/2023,1630.22,1647.63,1622.39,1640.72
10/21/2023,1603.26,1641.47,1593.46,1630.22
10/20/2023,1566.67,1629.63,1562.01,1603.59
10/19/2023,1562.03,1573.75,1543.59,1565.88
10/18/2023,1560.45,1585.03,1558.41,1562.31
10/17/2023,1588.26,1604.94,1554,1560.91
10/16/2023,1564.35,1632.88,1553.45,1586.75
10/15/2023,1555.62,1565.47,1550.18,1564.2
10/14/2023,1559.08,1572.76,1545.61,1555.15
10/13/2023,1536.21,1559.61,1533.79,1559.61
10/12/2023,1563.57,1568.83,1523.01,1535.49
10/11/2023,1560.05,1578.03,1548.94,1563.28
10/10/2023,1577.02,1594,1552.81,1559.9
10/09/2023,1637.22,1638.99,1551.97,1577.03
10/08/2023,1634.23,1641.69,1617.88,1637.22
10/07/2023,1647.08,1659.36,1631.32,1634.13
10/06/2023,1616.99,1654.99,1611.27,1647.17
10/05/2023,1641.96,1654.41,1609.9,1616.91
10/04/2023,1656.88,1659.36,1628.63,1642.81
10/03/2023,1667.08,1670.26,1644.62,1656.88
10/02/2023,1674.25,1756,1674.15,1716.35
10/01/2023,1680.36,1692.13,1668.2,1674.25
09/30/2023,1667.27,1693.43,1665.33,1680.35
09/29/2023,1656.5,1687.47,1644.2,1667.04
09/28/2023,1594.32,1665.41,1592.97,1657.07
09/27/2023,1586.19,1632.16,1583.53,1594.33
09/26/2023,1586.68,1597.86,1580.35,1586.61
09/25/2023,1590.66,1596.17,1564.11,1586.68
09/24/2023,1593.68,1600.5,1579.73,1590.66
09/23/2023,1591.52,1598,1588.21,1593.68
09/22/2023,1586.76,1601.89,1578.97,1591.06
09/21/2023,1624.13,1629.32,1568.91,1588.24
09/20/2023,1642.62,1649.28,1607.55,1623.35
09/19/2023,1638.01,1659.86,1627.67,1642.87
09/18/2023,1616.4,1669.01,1609.92,1638.02
09/17/2023,1635.44,1638.21,1615.31,1617.37
09/16/2023,1621.9,1651.97,1621.9,1635.44
09/15/2023,1626.52,1636.09,1612.62,1621.5
09/14/2023,1604.01,1639.83,1603.23,1628.99
09/13/2023,1597.61,1610.15,1582,1604.73
09/12/2023,1541.43,1617.74,1538.9,1599.23
09/11/2023,1618.62,1627,1532,1540.25
09/10/2023,1633.73,1636.68,1603.89,1619.14
09/09/2023,1636.28,1637.92,1629.73,1633.73
09/08/2023,1639,1657.78,1617.35,1636.05
09/07/2023,1628,1640.82,1623.08,1638.72
09/06/2023,1629.23,1657.18,1612.1,1628
09/05/2023,1627.9,1645.5,1609.63,1629.31
09/04/2023,1642.73,1645.39,1620.53,1627.1
09/03/2023,1634.3,1645.36,1625.25,1642.73
09/02/2023,1628,1644.46,1624.72,1634.45
09/01/2023,1648.08,1654,1603.23,1629.34
08/31/2023,1704.11,1720.08,1646.51,1647.42
08/30/2023,1727.26,1734.73,1696.46,1703.25
08/29/2023,1645.84,1747.2,1639.14,1727.69
08/28/2023,1653.31,1662.82,1624.75,1645.84
08/27/2023,1646.67,1659.25,1645.05,1653.31
08/26/2023,1649.25,1654.73,1643.24,1646.92
08/25/2023,1648.3,1673.02,1635.29,1649.52
08/24/2023,1684.14,1684.92,1638.01,1648.3
08/23/2023,1630.6,1696.98,1590.61,1684.34
08/22/2023,1672.5,1674.77,1620.61,1630.52
08/21/2023,1688.98,1689.79,1651.18,1672.5
08/20/2023,1670.9,1692.93,1662.04,1688.54
08/19/2023,1656.97,1693.38,1653.89,1671.39
08/18/2023,1716.26,1719.84,1558.8,1657.64
08/17/2023,1807.93,1813.43,1708.2,1715.99
08/16/2023,1827.76,1829.71,1800.13,1807.39
08/15/2023,1843.1,1845.22,1813.02,1827.97
08/14/2023,1853.18,1853.69,1833.57,1843.1
08/13/2023,1846.59,1860.09,1845.43,1853.18
08/12/2023,1843.93,1852.45,1842.23,1846.64
08/11/2023,1848.25,1855,1837.33,1843.93
08/10/2023,1851.6,1863.91,1845.31,1848.25
08/09/2023,1863.42,1873.65,1845.45,1851.6
08/08/2023,1826.46,1870,1823.01,1863.42
08/07/2023,1829.41,1843.09,1803.02,1825.17
08/06/2023,1832.41,1836.41,1824.3,1828.82
08/05/2023,1819.84,1836.34,1819.6,1832.41
08/04/2023,1842.46,1849.56,1813.84,1820.65
08/03/2023,1841.24,1856.95,1824.08,1843.43
08/02/2023,1849.31,1878.88,1821.86,1841.11
08/01/2023,1853.07,1863.76,1819.82,1849.42
07/31/2023,1864.68,1875.63,1852,1853.28
07/30/2023,1885,1885.72,1850.45,1864.68
07/29/2023,1876.17,1885,1870.56,1884.26
07/28/2023,1858.85,1881.56,1854.95,1876.17
07/27/2023,1882.1,1884.8,1856.03,1858.85
07/26/2023,1861.74,1886.65,1848.56,1882.11
07/25/2023,1850.76,1866.66,1845.92,1861.73
07/24/2023,1892,1893.42,1832.51,1850.79
07/23/2023,1887.83,1903.17,1854.01,1891.99
07/22/2023,1894.77,1896.69,1883.31,1888.5
07/21/2023,1887.76,1904.24,1884.94,1894.77
07/20/2023,1897.75,1927,1879.5,1887.27
07/19/2023,1894.84,1918.47,1893.31,1899
07/18/2023,1890.35,1919.69,1880.27,1894.84
07/17/2023,1929.02,1937.62,1875.01,1890.35
07/16/2023,1931.84,1943.05,1916.35,1928.67
07/15/2023,1915.45,1946.92,1915.45,1932.03
07/14/2023,1983.8,2027.41,1900.63,1916.38
07/13/2023,1872,2011.88,1864.56,1984
07/12/2023,1874.62,1901.01,1867.58,1871.99
07/11/2023,1891.95,1892.76,1862.67,1874.76
07/10/2023,1869.18,1904.53,1848.85,1891.95
07/09/2023,1848.83,1878.9,1846.72,1869.41
07/08/2023,1865.99,1871.82,1844.22,1848.98
07/07/2023,1883.21,1886.37,1827.29,1865.67
07/06/2023,1910.07,1955.37,1866.79,1883.21
07/05/2023,1941.91,1942.07,1894.77,1910.07
07/04/2023,1958.04,1965.93,1931.79,1941.9
07/03/2023,1918.46,1974.98,1915.37,1959.62
07/02/2023,1923.46,1927.35,1893.76,1918.45
07/01/2023,1927.83,1944.09,1909.52,1923.46
06/30/2023,1849.91,1945.61,1826.44,1927.83
06/29/2023,1831.27,1877.99,1826.44,1849.91
06/28/2023,1891.64,1897.41,1823.99,1831.27
06/27/2023,1851.12,1911.56,1846.81,1891.64
06/26/2023,1893.59,1906.41,1840.81,1852.34
06/25/2023,1877.52,1929.19,1866.11,1893.4
06/24/2023,1907.06,1907.06,1868.22,1876.83
06/23/2023,1888.03,1933,1866.43,1907.34
06/22/2023,1879.14,1929.47,1867.39,1888.03
06/21/2023,1784.81,1897.2,1775.52,1877.35
06/20/2023,1731.73,1789.46,1715,1787.3
06/19/2023,1729.88,1746.71,1704.83,1730.08
06/18/2023,1728.19,1747.69,1720.1,1729.94
06/17/2023,1725.65,1759.9,1713.8,1728.16
06/16/2023,1668.99,1726,1651.31,1725.64
06/15/2023,1635.72,1670.2,1623.44,1668.06
06/14/2023,1737.58,1749.72,1635.44,1639.49
06/13/2023,1738.81,1765.89,1726.12,1737.99
06/12/2023,1770.53,1771.6,1722.16,1739.1
06/11/2023,1743.97,1775.77,1740.29,1770.55
06/10/2023,1836.08,1844.4,1719.63,1744.18
06/09/2023,1853.42,1854.61,1828.33,1835.97
06/08/2023,1841.54,1861.27,1821.42,1853.42
06/07/2023,1876.99,1894.95,1833.42,1841.52
06/06/2023,1804.97,1896,1796.9,1876.99
06/05/2023,1903.7,1911.87,1783.9,1804.84
06/04/2023,1888.01,1910.92,1884.92,1904.47
06/03/2023,1905.3,1909.9,1885.21,1888.02
06/02/2023,1869.22,1910.28,1851.85,1905.58
06/01/2023,1865.89,1888.2,1842.92,1869
05/31/2023,1904.12,1913.71,1848.89,1865.88
05/30/2023,1892.86,1916.32,1883.13,1904.12
05/29/2023,1854.7,1926.74,1854.69,1893.48
05/28/2023,1828.04,1860.12,1825.21,1854.69
05/27/2023,1835.35,1836.33,1818,1827.72
05/26/2023,1810,1838.2,1797.75,1835.42
05/25/2023,1804.27,1815.67,1763.42,1809.86
05/24/2023,1854.85,1856.4,1778.31,1804.97
05/23/2023,1818.29,1870.02,1815.35,1854.86
05/22/2023,1806.09,1826.47,1791.93,1818.16
05/21/2023,1817.13,1828.54,1803.26,1806.42
05/20/2023,1812.42,1829,1807.64,1817.13
05/19/2023,1796.78,1828.83,1796.5,1812.7
05/18/2023,1826.2,1831.73,1773.78,1796.79
05/17/2023,1821.43,1835.92,1786.4,1826.2
05/16/2023,1826.27,1831,1796.99,1821.41
05/15/2023,1799.1,1846.06,1786.36,1826.27
05/14/2023,1804.25,1823.86,1790.98,1799.1
05/13/2023,1788.28,1816.45,1788.28,1804.4
05/12/2023,1796.09,1800.45,1741.08,1788.28
05/11/2023,1858.74,1858.74,1774.2,1796.09
05/10/2023,1848.64,1888.97,1792.57,1858.8
05/09/2023,1841.66,1862.6,1832.54,1848.64
05/08/2023,1913.16,1923.66,1813.1,1840.91
05/07/2023,1898.07,1934.98,1888.48,1913.16
05/06/2023,1990.71,2018.49,1868.65,1898.07
05/05/2023,1878.01,2000,1871.34,1990.86
05/04/2023,1874.03,1917,1868.26,1878.06
05/03/2023,1870.34,1892.98,1845.09,1874.03
05/02/2023,1808.25,1880.85,1808.25,1870.08
05/01/2023,1892.94,1897.67,1808.52,1809.79
04/30/2023,1904.53,1938.7,1881.39,1892.35
04/29/2023,1895.84,1916.94,1887.52,1904.53
04/28/2023,1919.62,1925,1875.22,1895.84
04/27/2023,1866.5,1937.41,1849.73,1919.58
04/26/2023,1863.29,1963.93,1790,1865.73
04/25/2023,1839.26,1864.16,1804.76,1860.78
04/24/2023,1848.21,1888.24,1810.19,1837.7
04/23/2023,1869.12,1882,1839.41,1848.21
04/22/2023,1834.35,1887.36,1834.35,1868.86
04/21/2023,1938.1,1956.74,1830,1838.38
04/20/2023,1980.49,1981.65,1917.36,1938.1
04/19/2023,2093.67,2107.05,1967.1,1981.65
04/18/2023,2078.22,2123.06,2056.85,2092.83
04/17/2023,2122.6,2130.63,2062.06,2078.22
04/16/2023,2088.63,2137.82,2076,2122.92
04/15/2023,2107.28,2112.96,2074.5,2089.25
04/14/2023,2007.63,2130,2006.22,2107.57
04/13/2023,1908.51,2022,1902,2008.64
04/12/2023,1894.61,1930,1860.06,1908.85
04/11/2023,1890.29,1938.33,1885.3,1895.2
04/10/2023,1856.92,1904.61,1848,1885.87
04/09/2023,1855.11,1866.14,1829,1857.01
04/08/2023,1853.74,1879,1849,1855.68
04/07/2023,1862.12,1883.09,1844.91,1853.74
04/06/2023,1905.27,1913.03,1856.24,1865.02
04/05/2023,1879,1935.78,1860.41,1905.27
04/04/2023,1775.6,1889.91,1770.73,1879
04/03/2023,1788.95,1839.12,1763,1780.58
04/02/2023,1817.06,1826.21,1775,1789.24
04/01/2023,1816.36,1841.75,1811.52,1817.06
03/31/2023,1795.23,1846,1782.04,1817.14
03/30/2023,1802.99,1827.05,1765.4,1795.1
03/29/2023,1774.52,1823.99,1764.08,1803.13
03/28/2023,1707.45,1791.5,1702.01,1774.61
03/27/2023,1761.52,1782.91,1690.18,1707.6
03/26/2023,1732.07,1798.41,1731,1761.52
03/25/2023,1749.71,1762.94,1717.86,1732.01
03/24/2023,1818.18,1821.79,1730.91,1750
03/23/2023,1736.34,1858.43,1718.33,1817.2
03/22/2023,1797.79,1821.78,1713.49,1736.07
03/21/2023,1760.27,1837,1725.25,1798.2
03/20/2023,1800.04,1816.79,1744.55,1760.3
03/19/2023,1795.64,1844.23,1755.57,1799.55
03/18/2023,1744.08,1840.67,1744.02,1796.69
03/17/2023,1659.37,1766.08,1659.37,1743.94
03/16/2023,1652.62,1694.22,1639.02,1658.91
03/15/2023,1705.04,1721.07,1617.88,1652.89
03/14/2023,1671.66,1781.07,1666,1708.72
03/13/2023,1558.49,1699.97,1544.57,1672.75
03/12/2023,1475.62,1564.1,1461.16,1562.36
03/11/2023,1426.65,1485.75,1415.01,1475.61
03/10/2023,1433.32,1446.1,1374.1,1426.2
03/09/2023,1552.64,1553.28,1411,1432.87
03/08/2023,1550.4,1569.72,1544.01,1552.67
03/07/2023,1566.5,1582.59,1536.9,1550.4
03/06/2023,1571.98,1580.85,1556.92,1566.31
03/05/2023,1556.44,1587.22,1553.85,1571.74
03/04/2023,1560.29,1577.68,1550.06,1556.43
03/03/2023,1641.01,1655.06,1548,1558.69
03/02/2023,1657.41,1676.96,1620.3,1641.69
03/01/2023,1600.98,1667.95,1597.91,1656.7
02/28/2023,1627.23,1647.75,1598.28,1605.47
02/27/2023,1642.62,1664.22,1611,1627.28
02/26/2023,1574.35,1649.53,1572.25,1642.65
02/25/2023,1602.99,1610.94,1559.63,1574
02/24/2023,1645.12,1664.52,1576.42,1602.99
02/23/2023,1619.32,1678,1618.29,1646.58
02/22/2023,1641.18,1662.44,1598.89,1619.33
02/21/2023,1700.7,1716.03,1637.65,1641.12
02/20/2023,1686.12,1719.42,1652.2,1700.7
02/19/2023,1688,1722.92,1671.67,1686.12
02/18/2023,1692.51,1711.86,1672.07,1688
02/17/2023,1683.1,1719.99,1630.69,1695.34
02/16/2023,1666.62,1745.73,1664.32,1682.03
02/15/2023,1556.24,1674.41,1544,1665.44
02/14/2023,1486.15,1565.92,1485.97,1555.78
02/13/2023,1509.54,1525.14,1464.38,1486.15
02/12/2023,1534.91,1548,1510,1511.92
02/11/2023,1506.89,1537,1505.15,1535.6
02/10/2023,1539.67,1554.18,1495,1507
02/09/2023,1652.8,1655.53,1525.8,1541
02/08/2023,1667.49,1692.89,1631.64,1652.81
02/07/2023,1638.01,1677.3,1606.41,1667.49
02/06/2023,1622.32,1657.37,1610.73,1638.37
02/05/2023,1678.81,1688.05,1612.58,1622.4
02/04/2023,1657.57,1694.57,1646.27,1678.81
02/03/2023,1632.88,1674.81,1629.85,1657.36
02/02/2023,1635.79,1711.6,1635.35,1640.8
02/01/2023,1576.98,1646.3,1559.43,1635.79
01/31/2023,1557.08,1602.62,1549.83,1576.74
01/30/2023,1643.16,1653.75,1538.77,1557.18
01/29/2023,1567.24,1659.24,1562.4,1643.21
01/28/2023,1598.72,1606.82,1560.32,1567.24
01/27/2023,1602.99,1621.41,1556.1,1598.72
01/26/2023,1624.2,1639.6,1580.4,1602.99
01/25/2023,1597.61,1622.99,1523.3,1617.97
01/24/2023,1631.82,1640.04,1591.94,1599.45
01/23/2023,1628.25,1648.54,1597.39,1632.14
01/22/2023,1662.26,1662.69,1605,1628.25
01/21/2023,1636.47,1677.45,1617.93,1660.63
01/20/2023,1545.03,1646.3,1543.06,1637.84
01/19/2023,1528.06,1563.64,1509.85,1545.03
01/18/2023,1581.5,1606.74,1503.85,1528.2
01/17/2023,1579.41,1601.87,1548.72,1581.5
01/16/2023,1552.54,1598.6,1522.33,1579.41
01/15/2023,1538.25,1563.6,1516.24,1552.35
01/14/2023,1455.64,1592.46,1442.96,1538.04
01/13/2023,1427.2,1459.43,1401.47,1456.07
01/12/2023,1343.12,1434.94,1341.06,1427.58
01/11/2023,1339.67,1345.08,1321.17,1342.74
01/10/2023,1318.37,1344.28,1315.39,1339.75
01/09/2023,1269.71,1343.85,1269,1317.74
01/08/2023,1264.2,1275.72,1258.12,1269.72
01/07/2023,1266.31,1271.18,1261.49,1264.2
01/06/2023,1251.44,1275.1,1237.18,1266.32
01/05/2023,1252.16,1259.05,1242.08,1251.32
01/04/2023,1210.95,1270.5,1209.61,1252.16
01/03/2023,1219.58,1219.65,1205.82,1210.65
01/02/2023,1202.11,1221.34,1192.89,1221.34
01/01/2023,1199.52,1203.55,1190.86,1202.11
12/31/2022,1197.51,1206.99,1192,1199.52
12/30/2022,1195.2,1203.03,1183.27,1197.2
12/29/2022,1186.77,1205.19,1184,1195.2
12/28/2022,1210.29,1213.92,1184.36,1186.77
12/27/2022,1216.7,1232.38,1201,1210.24
12/26/2022,1218.33,1223.09,1212.78,1216.7
12/25/2022,1218.83,1222.84,1198.79,1218.33
12/24/2022,1221.85,1225.79,1214.41,1218.69
12/23/2022,1215,1228.61,1212.65,1221.85
12/22/2022,1211.11,1232.01,1184.71,1215
12/21/2022,1216.14,1220.82,1204.15,1211.12
12/20/2022,1176.05,1227.48,1152.91,1216.55
12/19/2022,1182.88,1194.39,1166.92,1176.05
12/18/2022,1178.99,1196.19,1172.9,1182.99
12/17/2022,1194.61,1196.77,1156.61,1179.27
12/16/2022,1264.6,1279.11,1185.74,1194.61
12/15/2022,1310.85,1311.07,1261.23,1264.65
12/14/2022,1320.16,1348.31,1300.24,1310.85
12/13/2022,1275.08,1345.16,1256.69,1320.19
12/12/2022,1263.88,1278.8,1241.44,1275.15
12/11/2022,1268.94,1282.99,1262.37,1264.92
12/10/2022,1259.85,1282.95,1259.85,1268.94
12/09/2022,1278.32,1291.07,1257.12,1259.91
12/08/2022,1231.63,1290.41,1222.37,1278.18
12/07/2022,1256.2,1275.65,1220.78,1231.63
12/06/2022,1259.49,1269.92,1242.87,1256.66
12/05/2022,1277.23,1304.49,1248,1259.46
12/04/2022,1260.89,1282.29,1238,1277.23
12/03/2022,1291.21,1303.19,1255.81,1260.76
12/02/2022,1276.85,1296.25,1266.38,1290.99
12/01/2022,1296.99,1305.67,1263.68,1276.85
11/30/2022,1219.38,1299.77,1212.15,1296.99
11/29/2022,1172.32,1225.15,1158.48,1219.38
11/28/2022,1215.05,1216.62,1150.38,1172.11
11/27/2022,1209.93,1222.21,1197,1216.21
11/26/2022,1199.07,1229.93,1195.54,1209.93
11/25/2022,1195.2,1204.96,1171.43,1199.67
11/24/2022,1168.79,1215.22,1167.83,1195.2
11/23/2022,1129.8,1187.6,1125.54,1168.79
11/22/2022,1093.18,1139.85,1076.05,1130.19
11/21/2022,1140.83,1152.39,1080,1092.64
11/20/2022,1210,1230.91,1136.94,1139.38
11/19/2022,1208.74,1212.5,1197.11,1210
11/18/2022,1205.7,1228.45,1196.13,1208.8
11/17/2022,1206.04,1226.63,1183.07,1205.7
11/16/2022,1244.55,1266.38,1186.25,1206.04
11/15/2022,1226.14,1290.49,1212.9,1244.39
